{
	"useColorAsBaseTerrain": "false",
		"ruleVariants": {
		// Hill farm
		"Wasteland+Hill+Farm": ["Wasteland", "Farm", "Hill"],
		"Badlands+Hill+Farm": ["Badlands", "Farm", "Hill"],
		"Desert+Hill+Farm": ["Desert", "Farm", "Hill"],
		"Tundra+Hill+Farm": ["Tundra", "Farm", "Hill"],
		"Permafrost+Hill+Farm": ["Permafrost", "Farm", "Hill"],
		//Special forest and jungle
		"Wasteland+Forest": ["Wasteland", "WastelandForest"],
		"Wasteland+Jungle": ["Wasteland", "Jungle"],
		"Badlands+Forest": ["Badlands", "BadlandsForest"],
		"Badlands+Jungle": ["Badlands", "BadlandsJungle"],
		"Tundra+Forest": ["Tundra", "TundraForest"],
		"Tundra+Jungle": ["Tundra", "TundraJungle"],
		"Tundra+Hill+Forest": ["Tundra", "Hill", "TundraHillForest"],
		"Tundra+Hill+Jungle": ["Tundra", "Hill", "TundraJungle"],
		"Desert+Hill+Jungle": ["Desert", "Hill", "DesertJungle"],
		"Desert+Hill+Forest": ["Desert", "Hill", "DesertHillForest"],
		"Desert+Forest": ["Desert", "DesertForest"],
		"Desert+Jungle": ["Desert", "DesertJungle"],
		"Permafrost+Forest": ["Permafrost", "PermafrostForest"],
		"Permafrost+Jungle": ["Permafrost", "PermafrostJungle"],
		"Permafrost+Hill+Forest": ["Permafrost", "Hill", "PermafrostForest"],
		"Permafrost+Hill+Jungle": ["Permafrost", "Hill", "PermafrostJungle"],
		//Permafrost improvements for Tundra and Permafrost
		//TODO hill and forest variants + new images for Landmark, etc
		"Tundra+Barbarian encampment": ["Tundra", "Barbarian encampment-Permafrost"],
		"Tundra+Academy": ["Tundra", "Academy"],
		"Tundra+Citadel": ["Tundra", "Citadel"],
		"Tundra+Survivor camp": ["Tundra", "Survivor camp-Permafrost"],
		"Permafrost+Barbarian encampment": ["Permafrost", "Barbarian encampment-Permafrost"],
		"Permafrost+Academy": ["Permafrost", "Academy"],
		"Permafrost+Citadel": ["Permafrost", "Citadel"],
		"Permafrost+Survivor camp": ["Permafrost", "Survivor camp-Permafrost"],
		//Sand improvements for Desert
		//resources behind forest and jungle
		//TODO all the resources...
		//Wasteland
		"Wasteland+Jungle+Oil": ["Wasteland", "Oil", "Jungle"],
		"Wasteland+Forest+Horses": ["Wasteland", "Horses", "WastelandForest"],
		"Wasteland+Forest+Iron": ["Wasteland", "Iron", "WastelandForest"],
		"Wasteland+Forest+Coal": ["Wasteland", "Coal", "WastelandForest"],
		"Wasteland+Forest+Aluminum": ["Wasteland", "Aluminum", "WastelandForest"],
		"Wasteland+Forest+Uranium": ["Wasteland", "Uranium", "WastelandForest"],
		"Wasteland+Forest+Metal": ["Wasteland", "Metal", "WastelandForest"],
		"Wasteland+Jungle+Metal": ["Wasteland", "Metal", "Jungle"],
		"Wasteland+Jungle+Aluminum": ["Wasteland", "Aluminum", "Jungle"],
		"Wasteland+Jungle+Uranium": ["Wasteland", "Uranium", "Jungle"],
		"Wasteland+Jungle+Coal": ["Wasteland", "Coal", "Jungle"],
		"Wasteland+Jungle+Silver": ["Wasteland", "Silver", "Jungle"],
		"Wasteland+Jungle+Gems": ["Wasteland", "Gems", "Jungle"],
		"Wasteland+Forest+Silver": ["Wasteland", "Silver", "WastelandForest"],
		"Wasteland+Forest+Gems": ["Wasteland", "Gems", "WastelandForest"],
		"Wasteland+Forest+Deer": ["Wasteland", "Deer", "WastelandForest"],
		"Wasteland+Forest+Furs": ["Wasteland", "Furs", "WastelandForest"],
		"Wasteland+Grain+Farm": ["Wasteland", "Farm", "Grain"],
		"Wasteland+Farm": ["Wasteland", "Farm"],
		//Wasteland+Hill
		"Wasteland+Hill+Forest+Horses": ["Wasteland", "Hill", "Horses", "Forest"],
		"Wasteland+Hill+Forest+Iron": ["Wasteland", "Hill", "Iron", "Forest"],
		"Wasteland+Hill+Forest+Coal": ["Wasteland", "Hill", "Coal", "Forest"],
		"Wasteland+Hill+Forest+Aluminum": ["Wasteland", "Hill", "Aluminum", "Forest"],
		"Wasteland+Hill+Forest+Uranium": ["Wasteland", "Hill", "Uranium", "Forest"],
		"Wasteland+Hill+Forest+Metal": ["Wasteland", "Hill", "Metal", "WastelandForest"],
		"Wasteland+Hill+Jungle+Metal": ["Wasteland", "Hill", "Metal", "Jungle"],
		"Wasteland+Hill+Jungle+Aluminum": ["Wasteland", "Hill", "Aluminum", "Jungle"],
		"Wasteland+Hill+Jungle+Uranium": ["Wasteland", "Hill", "Uranium", "Jungle"],
		"Wasteland+Hill+Jungle+Coal": ["Wasteland", "Hill", "Coal", "Jungle"],
		"Wasteland+Hill+Jungle+Silver": ["Wasteland", "Hill", "Silver", "Jungle"],
		"Wasteland+Hill+Jungle+Gems": ["Wasteland", "Hill", "Gems", "Jungle"],
		"Wasteland+Hill+Forest+Silver": ["Wasteland", "Hill", "Silver", "WastelandForest"],
		"Wasteland+Hill+Forest+Gems": ["Wasteland", "Hill", "Gems", "WastelandForest"],
		"Wasteland+Hill+Forest+Furs": ["Wasteland", "Hill", "Furs", "WastelandForest"],
		"Wasteland+Hill+Forest+Deer": ["Wasteland", "Hill", "Deer", "WastelandForest"],
		//Badlands
		"Badlands+Jungle+Oil": ["Badlands", "Oil", "BadlandsJungle"],
		"Badlands+Forest+Horses": ["Badlands", "Horses", "BadlandsForest"],
		"Badlands+Forest+Iron": ["Badlands", "Iron", "BadlandsForest"],
		"Badlands+Forest+Coal": ["Badlands", "Coal", "BadlandsForest"],
		"Badlands+Forest+Aluminum": ["Badlands", "Aluminum", "BadlandsForest"],
		"Badlands+Forest+Uranium": ["Badlands", "Uranium", "BadlandsForest"],
		"Badlands+Forest+Metal": ["Badlands", "Metal", "BadlandsForest"],
		"Badlands+Jungle+Metal": ["Badlands", "Metal", "BadlandsJungle"],
		"Badlands+Jungle+Aluminum": ["Badlands", "Aluminum", "BadlandsJungle"],
		"Badlands+Jungle+Coal": ["Badlands", "Coal", "BadlandsJungle"],
		"Badlands+Jungle+Uranium": ["Badlands", "Uranium", "BadlandsJungle"],
		"Badlands+Jungle+Silver": ["Badlands", "Silver", "BadlandsJungle"],
		"Badlands+Jungle+Gems": ["Badlands", "Gems", "BadlandsJungle"],
		"Badlands+Forest+Silver": ["Badlands", "Silver", "BadlandsForest"],
		"Badlands+Forest+Gems": ["Badlands", "Gems", "BadlandsForest"],
		"Badlands+Forest+Deer": ["Badlands", "Deer", "BadlandsForest"],
		"Badlands+Forest+Furs": ["Badlands", "Furs", "BadlandsForest"],
		"Badlands+Grain+Farm": ["Badlands", "Farm", "Grain"],
		"Badlands+Farm": ["Badlands", "Farm"],
		//Badlands+Hill
		"Badlands+Hill+Forest+Horses": ["Badlands", "Hill", "Horses", "Forest"],
		"Badlands+Hill+Forest+Iron": ["Badlands", "Hill", "Iron", "Forest"],
		"Badlands+Hill+Forest+Coal": ["Badlands", "Hill", "Coal", "Forest"],
		"Badlands+Hill+Forest+Aluminum": ["Badlands", "Hill", "Aluminum", "Forest"],
		"Badlands+Hill+Forest+Uranium": ["Badlands", "Hill", "Uranium", "Forest"],
		"Badlands+Hill+Forest+Metal": ["Badlands", "Hill", "Metal", "Forest"],
		"Badlands+Hill+Jungle+Metal": ["Badlands", "Hill", "Metal", "BadlandsJungle"],
		"Badlands+Hill+Jungle+Aluminum": ["Badlands", "Hill", "Aluminum", "BadlandsJungle"],
		"Badlands+Hill+Jungle+Uranium": ["Badlands", "Hill", "Uranium", "BadlandsJungle"],
		"Badlands+Hill+Jungle+Coal": ["Badlands", "Hill", "Coal", "BadlandsJungle"],
		"Badlands+Hill+Jungle+Silver": ["Badlands", "Hill", "Silver", "BadlandsJungle"],
		"Badlands+Hill+Jungle+Gems": ["Badlands", "Hill", "Gems", "BadlandsJungle"],
		"Badlands+Hill+Forest+Silver": ["Badlands", "Hill", "Silver", "Forest"],
		"Badlands+Hill+Forest+Gems": ["Badlands", "Hill", "Gems", "Forest"],
		"Badlands+Hill+Forest+Furs": ["Badlands", "Hill", "Furs", "Forest"],
		"Badlands+Hill+Forest+Deer": ["Badlands", "Hill", "Deer", "Forest"],
		//Tundra
		"Tundra+Jungle+Oil": ["Tundra", "Oil", "TundraJungle"],
		"Tundra+Forest+Oil": ["Tundra", "Oil", "TundraForest"],
		"Tundra+Forest+Horses": ["Tundra", "Horses", "TundraForest"],
		"Tundra+Forest+Iron": ["Tundra", "Iron", "TundraForest"],
		"Tundra+Forest+Coal": ["Tundra", "Coal", "TundraForest"],
		"Tundra+Forest+Aluminum": ["Tundra", "Aluminum", "TundraForest"],
		"Tundra+Forest+Uranium": ["Tundra", "Uranium", "TundraForest"],
		"Tundra+Forest+Metal": ["Tundra", "Metal", "TundraForest"],
		"Tundra+Jungle+Metal": ["Tundra", "Metal", "TundraJungle"],
		"Tundra+Jungle+Aluminum": ["Tundra", "Aluminum", "TundraJungle"],
		"Tundra+Jungle+Uranium": ["Tundra", "Uranium", "TundraJungle"],
		"Tundra+Jungle+Coal": ["Tundra", "Coal", "TundraJungle"],
		"Tundra+Jungle+Silver": ["Tundra", "Silver", "TundraJungle"],
		"Tundra+Jungle+Gems": ["Tundra", "Gems", "TundraJungle"],
		"Tundra+Forest+Silver": ["Tundra", "Silver", "TundraForest"],
		"Tundra+Forest+Gems": ["Tundra", "Gems", "TundraForest"],
		"Tundra+Forest+Deer": ["Tundra", "Deer", "TundraForest"],
		"Tundra+Forest+Furs": ["Tundra", "Furs", "TundraForest"],
		"Tundra+Farm": ["Tundra", "Farm"],
		//Permafrost
		"Permafrost+Farm": ["Permafrost", "Farm"],
		//Tundra+Hill
		"Tundra+Hill+Forest+Horses": ["Tundra", "Hill", "Horses", "TundraHillForest"],
		"Tundra+Hill+Forest+Iron": ["Tundra", "Hill", "Iron", "TundraHillForest"],
		"Tundra+Hill+Forest+Coal": ["Tundra", "Hill", "Coal", "TundraHillForest"],
		"Tundra+Hill+Forest+Aluminum": ["Tundra", "Hill", "Aluminum", "TundraHillForest"],
		"Tundra+Hill+Forest+Uranium": ["Tundra", "Hill", "Uranium", "TundraHillForest"],
		"Tundra+Hill+Forest+Furs": ["Tundra", "Hill", "Furs", "TundraHillForest"],
		"Tundra+Hill+Forest+Deer": ["Tundra", "Hill", "Deer", "TundraHillForest"],
		"Tundra+Hill+Forest+Metal": ["Badlands", "Hill", "Metal", "TundraHillForest"],
		"Tundra+Hill+Jungle+Metal": ["Badlands", "Hill", "Metal", "TundraJungle"],
		"Tundra+Hill+Jungle+Aluminum": ["Tundra", "Hill", "Aluminum", "TundraJungle"],
		"Tundra+Hill+Jungle+Uranium": ["Tundra", "Hill", "Uranium", "TundraJungle"],
		"Tundra+Hill+Jungle+Coal": ["Tundra", "Hill", "Coal", "TundraJungle"],
		"Tundra+Hill+Jungle+Silver": ["Tundra", "Hill", "Silver", "TundraJungle"],
		"Tundra+Hill+Jungle+Gems": ["Tundra", "Hill", "Gems", "TundraJungle"],
		"Tundra+Hill+Forest+Silver": ["Tundra", "Hill", "Silver", "TundraHillForest"],
		"Tundra+Hill+Forest+Gems": ["Tundra", "Hill", "Gems", "TundraHillForest"],
		"Desert+Grain+Farm": ["Desert", "Farm", "Grain"],
		"Desert+Farm": ["Desert", "Farm"],
		"Desert+Swamp+Grain+Farm": ["Desert", "Swamp", "Farm", "Grain"],
		"Desert+Swamp+Farm": ["Desert", "Swamp", "Farm"],
		"Desert+Forest+Iron": ["Tundra", "Iron", "DesertForest"],
		"Desert+Forest+Coal": ["Tundra", "Coal", "DesertForest"],
		"Desert+Forest+Aluminum": ["Tundra", "Aluminum", "DesertForest"],
		"Desert+Forest+Uranium": ["Tundra", "Uranium", "DesertForest"],
		"Desert+Forest+Metal": ["Desert", "Metal", "DesertForest"],
		"Desert+Jungle+Metal": ["Desert", "Metal", "DesertJungle"],
		"Desert+Jungle+Aluminum": ["Desert", "Aluminum", "DesertJungle"],
		"Desert+Jungle+Coal": ["Desert", "Coal", "DesertJungle"],
		"Desert+Jungle+Uranium": ["Desert", "Uranium", "DesertJungle"],
		"Desert+Jungle+Silver": ["Tundra", "Silver", "DesertJungle"],
		"Desert+Jungle+Gems": ["Tundra", "Gems", "DesertJungle"],
		"Desert+Forest+Silver": ["Tundra", "Silver", "DesertForest"],
		"Desert+Forest+Gems": ["Tundra", "Gems", "DesertForest"],
		"Desert+Hill+Forest+Iron": ["Desert", "Hill", "Iron", "DesertHillForest"],
		"Desert+Hill+Forest+Coal": ["Desert", "Hill", "Coal", "DesertHillForest"],
		"Desert+Hill+Forest+Aluminum": ["Desert", "Hill", "Aluminum", "DesertHillForest"],
		"Desert+Hill+Forest+Uranium": ["Desert", "Hill", "Uranium", "DesertHillForest"],
		"Desert+Hill+Forest+Metal": ["Desert", "Hill", "Metal", "DesertHillForest"],
		"Desert+Hill+Jungle+Metal": ["Desert", "Hill", "Metal", "DesertJungle"],
		"Desert+Hill+Jungle+Aluminum": ["Desert", "Hill", "Aluminum", "DesertJungle"],
		"Desert+Hill+Jungle+Uranium": ["Desert", "Hill", "Uranium", "DesertJungle"],
		"Desert+Hill+Jungle+Coal": ["Desert", "Hill", "Coal", "DesertJungle"],
		"Desert+Hill+Jungle+Silver": ["Desert", "Hill", "Silver", "DesertJungle"],
		"Desert+Hill+Jungle+Gems": ["Desert", "Hill", "Gems", "DesertJungle"],
		"Desert+Hill+Forest+Silver": ["Desert", "Hill", "Silver", "DesertHillForest"],
		"Desert+Hill+Forest+Gems": ["Desert", "Hill", "Gems", "DesertHillForest"],
		"Wasteland+Forest+Survivor camp": ["Wasteland", "WastelandForest", "Survivor camp"],
		"Wasteland+Cattle+Survivor camp": ["Wasteland", "Survivor camp", "Cattle"],
		"Coast+Oil+Oil well": ["Coast", "Oil", "Offshore Platform"],
		"Ocean+Oil+Oil well": ["Ocean", "Oil", "Offshore Platform"],
		//Deciv Tile Improvements
		//Salvage site
		"Wasteland+Salvage site+Scrap": ["Wasteland", "Scrap", "Salvage site"],
		"Wasteland+Forest+Salvage site+Scrap": ["Wasteland", "Scrap", "WastelandForest", "Salvage site"],
		"Wasteland+Jungle+Salvage site+Scrap": ["Wasteland", "Scrap", "Jungle", "Salvage site"],
		"Wasteland+Hill+Salvage site+Scrap": ["Wasteland", "Hill", "Scrap", "Salvage site"],
		"Wasteland+Hill+Forest+Salvage site+Scrap": ["Wasteland", "Hill", "Scrap", "Forest", "Salvage site"],
		"Wasteland+Hill+Jungle+Salvage site+Scrap": ["Wasteland", "Hill", "Scrap", "Jungle", "Salvage site"],
		"Badlands+Salvage site+Scrap": ["Badlands", "Scrap", "Salvage site"],
		"Badlands+Forest+Salvage site+Scrap": ["Badlands", "Scrap", "BadlandsForest", "Salvage site"],
		"Badlands+Jungle+Salvage site+Scrap": ["Badlands", "Scrap", "BadlandsJungle", "Salvage site"],
		"Badlands+Hill+Salvage site+Scrap": ["Badlands", "Hill", "Scrap", "Salvage site"],
		"Badlands+Hill+Forest+Salvage site+Scrap": ["Badlands", "Hill", "Scrap", "Forest", "Salvage site"],
		"Badlands+Hill+Jungle+Salvage site+Scrap": ["Badlands", "Hill", "Scrap", "BadlandsJungle", "Salvage site"],
		"Tundra+Salvage site+Scrap": ["Tundra", "Scrap", "Salvage site"],
		"Tundra+Forest+Salvage site+Scrap": ["Tundra", "Scrap", "TundraForest", "Salvage site"],
		"Tundra+Jungle+Salvage site+Scrap": ["Tundra", "Scrap", "TundraJungle", "Salvage site"],
		"Tundra+Hill+Salvage site+Scrap": ["Tundra", "Hill", "Scrap", "Salvage site"],
		"Tundra+Hill+Forest+Salvage site+Scrap": ["Tundra", "Hill", "Scrap", "TundraHillForest", "Salvage site"],
		"Tundra+Hill+Jungle+Salvage site+Scrap": ["Tundra", "Hill", "Scrap", "TundraJungle", "Salvage site"],
		"Desert+Salvage site+Scrap": ["Desert", "Scrap", "Salvage site"],
		"Desert+Forest+Salvage site+Scrap": ["Desert", "Scrap", "DesertForest", "Salvage site"],
		"Desert+Jungle+Salvage site+Scrap": ["Desert", "Scrap", "DesertJungle", "Salvage site"],
		"Desert+Hill+Salvage site+Scrap": ["Desert", "Hill", "Scrap", "Salvage site"],
		"Desert+Hill+Forest+Salvage site+Scrap": ["Desert", "Hill", "Scrap", "DesertHillForest", "Salvage site"],
		"Desert+Hill+Jungle+Salvage site+Scrap": ["Desert", "Hill", "Scrap", "DesertJungle", "Salvage site"],
		"Wasteland+Salvage site+Plastics": ["Wasteland", "Plastics", "Salvage site"],
		"Wasteland+Forest+Salvage site+Plastics": ["Wasteland", "Plastics", "WastelandForest", "Salvage site"],
		"Wasteland+Jungle+Salvage site+Plastics": ["Wasteland", "Plastics", "Jungle", "Salvage site"],
		"Wasteland+Forest+Camp+Furs": ["Wasteland", "Furs", "Forest", "Camp"],
		"Wasteland+Hill+Salvage site+Plastics": ["Wasteland", "Hill", "Plastics", "Salvage site"],
		"Wasteland+Hill+Forest+Salvage site+Plastics": ["Wasteland", "Hill", "Plastics", "Forest", "Salvage site"],
		"Wasteland+Hill+Jungle+Salvage site+Plastics": ["Wasteland", "Hill", "Plastics", "Jungle", "Salvage site"],
		"Badlands+Salvage site+Plastics": ["Badlands", "Plastics", "Salvage site"],
		"Badlands+Forest+Salvage site+Plastics": ["Badlands", "Plastics", "BadlandsForest", "Salvage site"],
		"Badlands+Jungle+Salvage site+Plastics": ["Badlands", "Plastics", "BadlandsJungle", "Salvage site"],
		"Badlands+Hill+Salvage site+Plastics": ["Badlands", "Hill", "Plastics", "Salvage site"],
		"Badlands+Hill+Forest+Salvage site+Plastics": ["Badlands", "Hill", "Plastics", "Forest", "Salvage site"],
		"Badlands+Hill+Jungle+Salvage site+Plastics": ["Badlands", "Hill", "Plastics", "BadlandsJungle", "Salvage site"],
		"Tundra+Salvage site+Plastics": ["Tundra", "Plastics", "Salvage site"],
		"Tundra+Forest+Salvage site+Plastics": ["Tundra", "Plastics", "TundraForest", "Salvage site"],
		"Tundra+Jungle+Salvage site+Plastics": ["Tundra", "Plastics", "TundraJungle", "Salvage site"],
		"Tundra+Hill+Salvage site+Plastics": ["Tundra", "Hill", "Plastics", "Salvage site"],
		"Tundra+Hill+Forest+Salvage site+Plastics": ["Tundra", "Hill", "Plastics", "TundraHillForest", "Salvage site"],
		"Tundra+Hill+Jungle+Salvage site+Plastics": ["Tundra", "Hill", "Plastics", "TundraJungle", "Salvage site"],
		"Desert+Salvage site+Plastics": ["Desert", "Plastics", "Salvage site"],
		"Desert+Forest+Salvage site+Plastics": ["Desert", "Plastics", "DesertForest", "Salvage site"],
		"Desert+Jungle+Salvage site+Plastics": ["Desert", "Plastics", "DesertJungle", "Salvage site"],
		"Desert+Hill+Salvage site+Plastics": ["Desert", "Hill", "Plastics", "Salvage site"],
		"Desert+Hill+Forest+Salvage site+Plastics": ["Desert", "Hill", "Plastics", "DesertHillForest", "Salvage site"],
		"Desert+Hill+Jungle+Salvage site+Plastics": ["Desert", "Hill", "Plastics", "DesertJungle", "Salvage site"],
		"Wasteland+Salvage site+Weapons": ["Wasteland", "Salvage site+Weapons"],
		"Wasteland+Forest+Salvage site+Weapons": ["Wasteland", "WastelandForest", "Salvage site+Weapons"],
		"Wasteland+Jungle+Salvage site+Weapons": ["Wasteland", "Jungle", "Salvage site+Weapons"],
		"Wasteland+Hill+Salvage site+Weapons": ["Wasteland", "Hill", "Salvage site+Weapons"],
		"Wasteland+Hill+Forest+Salvage site+Weapons": ["Wasteland", "Hill", "Forest", "Salvage site+Weapons"],
		"Wasteland+Hill+Jungle+Salvage site+Weapons": ["Wasteland", "Hill", "Jungle", "Salvage site+Weapons"],
		"Badlands+Salvage site+Weapons": ["Badlands", "Salvage site+Weapons"],
		"Badlands+Forest+Salvage site+Weapons": ["Badlands", "BadlandsForest", "Salvage site+Weapons"],
		"Badlands+Jungle+Salvage site+Weapons": ["Badlands", "BadlandsJungle", "Salvage site+Weapons"],
		"Badlands+Hill+Salvage site+Weapons": ["Badlands", "Hill", "Salvage site+Weapons"],
		"Badlands+Hill+Forest+Salvage site+Weapons": ["Badlands", "Hill", "Forest", "Salvage site+Weapons"],
		"Badlands+Hill+Jungle+Salvage site+Weapons": ["Badlands", "Hill", "BadlandsJungle", "Salvage site+Weapons"],
		"Tundra+Salvage site+Weapons": ["Tundra", "Salvage site+Weapons"],
		"Tundra+Forest+Salvage site+Weapons": ["Tundra", "TundraForest", "Salvage site+Weapons"],
		"Tundra+Jungle+Salvage site+Weapons": ["Tundra", "TundraJungle", "Salvage site+Weapons"],
		"Tundra+Hill+Salvage site+Weapons": ["Tundra", "Hill", "Salvage site+Weapons"],
		"Tundra+Hill+Forest+Salvage site+Weapons": ["Tundra", "Hill", "TundraHillForest", "Salvage site+Weapons"],
		"Tundra+Hill+Jungle+Salvage site+Weapons": ["Tundra", "Hill", "TundraJungle", "Salvage site+Weapons"],
		"Desert+Salvage site+Weapons": ["Desert", "Salvage site+Weapons"],
		"Desert+Forest+Salvage site+Weapons": ["Desert", "DesertForest", "Salvage site+Weapons"],
		"Desert+Jungle+Salvage site+Weapons": ["Desert", "DesertJungle", "Salvage site+Weapons"],
		"Desert+Hill+Salvage site+Weapons": ["Desert", "Hill", "Salvage site+Weapons"],
		"Desert+Hill+Forest+Salvage site+Weapons": ["Desert", "Hill", "DesertHillForest", "Salvage site+Weapons"],
		"Desert+Hill+Jungle+Salvage site+Weapons": ["Desert", "Hill", "DesertJungle", "Salvage site+Weapons"],
		"Coast+Plastics": ["Coast", "Marine Plastics"],
		"Coast+Plastics+Salvage site": ["Coast", "Marine Plastics", "Salvage site"],
		"Ocean+Plastics": ["Ocean", "Marine Plastics"],
		"Ocean+Plastics+Salvage site": ["Ocean", "Marine Plastics", "Salvage site"],
		"Coast+Sunken Ruins+Research site+Artifacts": ["Coast+Sunken Ruins", "Research site+Artifacts"],
		//Research site
		"Wasteland+Jungle+Research site+Artifacts": ["Wasteland", "Jungle", "Research site+Artifacts"],
		"Wasteland+Jungle+Research site+Books": ["Wasteland", "Jungle", "Research site+Books"],
		"Wasteland+Jungle+Research site+Data": ["Wasteland", "Jungle", "Research site+Data"],
		"Badlands+Jungle+Research site+Artifacts": ["Badlands", "BadlandsJungle", "Research site+Artifacts"],
		"Badlands+Jungle+Research site+Books": ["Badlands", "BadlandsJungle", "Research site+Books"],
		"Badlands+Jungle+Research site+Data": ["Badlands", "BadlandsJungle", "Research site+Data"],
		"Tundra+Jungle+Research site+Artifacts": ["Tundra", "TundraJungle", "Research site+Artifacts"],
		"Tundra+Jungle+Research site+Books": ["Tundra", "TundraJungle", "Research site+Books"],
		"Tundra+Jungle+Research site+Data": ["Tundra", "TundraJungle", "Research site+Data"],
		"Desert+Jungle+Research site+Artifacts": ["Desert", "DesertJungle", "Research site+Artifacts"],
		"Desert+Jungle+Research site+Books": ["Desert", "DesertJungle", "Research site+Books"],
		"Desert+Jungle+Research site+Data": ["Desert", "DesertJungle", "Research site+Data"],
		"Wasteland+Hill+Jungle+Research site+Artifacts": ["Wasteland", "Hill", "Jungle", "Research site+Artifacts"],
		"Wasteland+Hill+Jungle+Research site+Books": ["Wasteland", "Hill", "Jungle", "Research site+Books"],
		"Wasteland+Hill+Jungle+Research site+Data": ["Wasteland", "Hill", "Jungle", "Research site+Data"],
		"Badlands+Hill+Jungle+Research site+Artifacts": ["Badlands", "Hill", "BadlandsJungle", "Research site+Artifacts"],
		"Badlands+Hill+Jungle+Research site+Books": ["Badlands", "Hill", "BadlandsJungle", "Research site+Books"],
		"Badlands+Hill+Jungle+Research site+Data": ["Badlands", "Hill", "BadlandsJungle", "Research site+Data"],
		"Tundra+Hill+Jungle+Research site+Artifacts": ["Tundra", "Hill", "TundraJungle", "Research site+Artifacts"],
		"Tundra+Hill+Jungle+Research site+Books": ["Tundra", "Hill", "TundraJungle", "Research site+Books"],
		"Tundra+Hill+Jungle+Research site+Data": ["Tundra", "Hill", "TundraJungle", "Research site+Data"],
		"Desert+Hill+Jungle+Research site+Artifacts": ["Desert", "Hill", "DesertJungle", "Research site+Artifacts"],
		"Desert+Hill+Jungle+Research site+Books": ["Desert", "Hill", "DesertJungle", "Research site+Books"],
		"Desert+Hill+Jungle+Research site+Data": ["Desert", "Hill", "DesertJungle", "Research site+Data"],
		//Hacking site
		"Wasteland+Jungle+Encrypted Data+Hacking site": ["Wasteland", "Jungle", "Hacking site+Encrypted data"],
		"Wasteland+Hill+Jungle+Encrypted Data+Hacking site": ["Wasteland", "Hill", "Jungle", "Hacking site+Encrypted Data"],
		"Badlands+Jungle+Encrypted Data+Hacking site": ["Badlands", "BadlandsJungle", "Hacking site+Encrypted Data"],
		"Badlands+Hill+Jungle+Encrypted Data+Hacking site": ["Badlands", "Hill", "BadlandsJungle", "Hacking site+Encrypted Data"],
		"Tundra+Jungle+Encrypted Data+Hacking site": ["Tundra", "TundraJungle", "Hacking site+Encrypted Data"],
		"Tundra+Hill+Jungle+Encrypted Data+Hacking site": ["Tundra", "Hill", "TundraJungle", "Hacking site+Encrypted Data"],
		"Desert+Jungle+Encrypted Data+Hacking site": ["Desert", "DesertJungle", "Hacking site+Encrypted Data"],
		"Desert+Hill+Jungle+Encrypted Data+Hacking site": ["Desert", "Hill", "DesertJungle", "Hacking site+Encrypted Data"],
		//Furs
		"Wasteland+Forest+Furs+Camp": ["Wasteland", "WastelandForest", "Camp+Furs"],
		//Borough TO DO - Add Unique Versions of these
		"Wasteland+Forest+Borough": ["Wasteland", "Borough"],
		"Wasteland+Hill+Forest+Borough": ["Wasteland", "Hill", "Borough"],
		"Wasteland+Jungle+Borough": ["Wasteland", "Borough+Jungle"],
		"Wasteland+Hill+Jungle+Borough": ["Wasteland", "Hill", "Borough+Jungle"],
		"Wasteland+Jungle+Books+Borough": ["Wasteland", "Borough+JungleBooks"],
		"Wasteland+Hill+Jungle+Books+Borough": ["Wasteland", "Hill", "Borough+JungleBooks"],
		"Wasteland+Forest+Data+Borough": ["Wasteland", "BoroughData"],
		"Wasteland+Hill+Forest+Data+Borough": ["Wasteland", "Hill", "BoroughData"],
		"Wasteland+Jungle+Data+Borough": ["Wasteland", "Borough+JungleData"],
		"Wasteland+Hill+Jungle+Data+Borough": ["Wasteland", "Hill", "Borough+JungleData"],
		"Wasteland+Forest+Encrypted Data+Borough": ["Wasteland", "BoroughData"],
		"Wasteland+Hill+Forest+Encrypted Data+Borough": ["Wasteland", "Hill", "BoroughData"],
		"Wasteland+Jungle+Encrypted Data+Borough": ["Wasteland", "Borough+JungleData"],
		"Wasteland+Hill+Jungle+Encrypted Data+Borough": ["Wasteland", "Hill", "Borough+JungleData"],
		"Wasteland+Jungle+Artifacts+Borough": ["Wasteland", "Borough+JungleArtifacts"],
		"Wasteland+Hill+Jungle+Artifacts+Borough": ["Wasteland", "Hill", "Borough+JungleArtifacts"],
		"Badlands+Forest+Borough": ["Badlands", "Borough"],
		"Badlands+Hill+Forest+Borough": ["Badlands", "Hill", "Borough"],
		"Badlands+Jungle+Borough": ["Badlands", "Borough+Jungle"],
		"Badlands+Hill+Jungle+Borough": ["Badlands", "Hill", "Borough+Jungle"],
		"Badlands+Jungle+Books+Borough": ["Badlands", "Borough+JungleBooks"],
		"Badlands+Hill+Jungle+Books+Borough": ["Badlands", "Hill", "Borough+JungleBooks"],
		"Badlands+Forest+Data+Borough": ["Badlands", "BoroughData"],
		"Badlands+Hill+Forest+Data+Borough": ["Badlands", "Hill", "BoroughData"],
		"Badlands+Jungle+Data+Borough": ["Badlands", "Borough+JungleData"],
		"Badlands+Hill+Jungle+Data+Borough": ["Badlands", "Hill", "Borough+JungleData"],
		"Badlands+Forest+Encrypted Data+Borough": ["Badlands", "BoroughData"],
		"Badlands+Hill+Forest+Encrypted Data+Borough": ["Badlands", "Hill", "BoroughData"],
		"Badlands+Jungle+Encrypted Data+Borough": ["Badlands", "Borough+JungleData"],
		"Badlands+Hill+Jungle+Encrypted Data+Borough": ["Badlands", "Hill", "Borough+JungleData"],
		"Badlands+Jungle+Artifacts+Borough": ["Badlands", "Borough+JungleArtifacts"],
		"Badlands+Hill+Jungle+Artifacts+Borough": ["Badlands", "Hill", "Borough+JungleArtifacts"],
		"Desert+Forest+Borough": ["Desert", "Borough"],
		"Desert+Hill+Forest+Borough": ["Desert", "Hill", "Borough"],
		"Desert+Jungle+Borough": ["Desert", "Borough+Jungle"],
		"Desert+Hill+Jungle+Borough": ["Desert", "Hill", "Borough+Jungle"],
		"Desert+Jungle+Books+Borough": ["Desert", "Borough+JungleBooks"],
		"Desert+Hill+Jungle+Books+Borough": ["Desert", "Hill", "Borough+JungleBooks"],
		"Desert+Forest+Data+Borough": ["Desert", "BoroughData"],
		"Desert+Hill+Forest+Data+Borough": ["Desert", "Hill", "BoroughData"],
		"Desert+Jungle+Data+Borough": ["Desert", "Borough+JungleData"],
		"Desert+Hill+Jungle+Data+Borough": ["Desert", "Hill", "Borough+JungleData"],
		"Desert+Forest+Encrypted Data+Borough": ["Desert", "BoroughData"],
		"Desert+Hill+Forest+Encrypted Data+Borough": ["Desert", "Hill", "BoroughData"],
		"Desert+Jungle+Encrypted Data+Borough": ["Desert", "Borough+JungleData"],
		"Desert+Hill+Jungle+Encrypted Data+Borough": ["Desert", "Hill", "Borough+JungleData"],
		"Desert+Jungle+Artifacts+Borough": ["Desert", "Borough+JungleArtifacts"],
		"Desert+Hill+Jungle+Artifacts+Borough": ["Desert", "Hill", "Borough+JungleArtifacts"],
		"Tundra+Forest+Borough": ["Tundra", "Borough"],
		"Tundra+Hill+Forest+Borough": ["Tundra", "Hill", "Borough"],
		"Tundra+Jungle+Borough": ["Tundra", "Borough+Jungle"],
		"Tundra+Hill+Jungle+Borough": ["Tundra", "Hill", "Borough+Jungle"],
		"Tundra+Jungle+Books+Borough": ["Tundra", "Borough+JungleBooks"],
		"Tundra+Hill+Jungle+Books+Borough": ["Tundra", "Hill", "Borough+JungleBooks"],
		"Tundra+Forest+Data+Borough": ["Tundra", "BoroughData"],
		"Tundra+Hill+Forest+Data+Borough": ["Tundra", "Hill", "BoroughData"],
		"Tundra+Jungle+Data+Borough": ["Tundra", "Borough+JungleData"],
		"Tundra+Hill+Jungle+Data+Borough": ["Tundra", "Hill", "Borough+JungleData"],
		"Tundra+Forest+Encrypted Data+Borough": ["Tundra", "BoroughData"],
		"Tundra+Hill+Forest+Encrypted Data+Borough": ["Tundra", "Hill", "BoroughData"],
		"Tundra+Jungle+Encrypted Data+Borough": ["Tundra", "Borough+JungleData"],
		"Tundra+Hill+Jungle+Encrypted Data+Borough": ["Tundra", "Hill", "Borough+JungleData"],
		"Tundra+Jungle+Artifacts+Borough": ["Tundra", "Borough+JungleArtifacts"],
		"Tundra+Hill+Jungle+Artifacts+Borough": ["Tundra", "Hill", "Borough+JungleArtifacts"],
		"Permafrost+Forest+Borough": ["Permafrost", "Borough"],
		"Permafrost+Hill+Forest+Borough": ["Permafrost", "Hill", "Borough"],
		"Permafrost+Jungle+Borough": ["Permafrost", "Borough+Jungle"],
		"Permafrost+Hill+Jungle+Borough": ["Permafrost", "Hill", "Borough+Jungle"],
		"Permafrost+Jungle+Books+Borough": ["Permafrost", "Borough+JungleBooks"],
		"Permafrost+Hill+Jungle+Books+Borough": ["Permafrost", "Hill", "Borough+JungleBooks"],
		"Permafrost+Forest+Data+Borough": ["Permafrost", "BoroughData"],
		"Permafrost+Hill+Forest+Data+Borough": ["Permafrost", "Hill", "BoroughData"],
		"Permafrost+Jungle+Data+Borough": ["Permafrost", "Borough+JungleData"],
		"Permafrost+Hill+Jungle+Data+Borough": ["Permafrost", "Hill", "Borough+JungleData"],
		"Permafrost+Forest+Encrypted Data+Borough": ["Permafrost", "BoroughData"],
		"Permafrost+Hill+Forest+Encrypted Data+Borough": ["Permafrost", "Hill", "BoroughData"],
		"Permafrost+Jungle+Encrypted Data+Borough": ["Permafrost", "Borough+JungleData"],
		"Permafrost+Hill+Jungle+Encrypted Data+Borough": ["Permafrost", "Hill", "Borough+JungleData"],
		"Permafrost+Jungle+Artifacts+Borough": ["Permafrost", "Borough+JungleArtifacts"],
		"Permafrost+Hill+Jungle+Artifacts+Borough": ["Permafrost", "Hill", "Borough+JungleArtifacts"],
		"Permafrost+Forest+Scrap+Borough": ["Permafrost", "Borough"],
		"Permafrost+Hill+Forest+Scrap+Borough": ["Permafrost", "Hill", "Borough"],
		"Permafrost+Jungle+Scrap+Borough": ["Permafrost", "Borough+Jungle"],
		"Permafrost+Hill+Jungle+Scrap+Borough": ["Permafrost", "Hill", "Borough+Jungle"],
		"Permafrost+Forest+Furs+Borough": ["Permafrost", "Borough"],
		"Permafrost+Hill+Forest+Furs+Borough": ["Permafrost", "Hill", "Borough"],
		"Permafrost+Jungle+Furs+Borough": ["Permafrost", "Borough+Jungle"],
		"Permafrost+Hill+Jungle+Furs+Borough": ["Permafrost", "Hill", "Borough+Jungle"],
		"Permafrost+Forest+Insects+Borough": ["Permafrost", "Borough"],
		"Permafrost+Hill+Forest+Insects+Borough": ["Permafrost", "Hill", "Borough"],
		"Permafrost+Jungle+Insects+Borough": ["Permafrost", "Borough+Jungle"],
		"Permafrost+Hill+Jungle+Insects+Borough": ["Permafrost", "Hill", "Borough+Jungle"],
		"Permafrost+Forest+Plastics+Borough": ["Permafrost", "Borough"],
		"Permafrost+Hill+Forest+Plastics+Borough": ["Permafrost", "Hill", "Borough"],
		"Permafrost+Weapons+Forest+Borough": ["Permafrost", "Borough"],
		"Permafrost+Hill+Weapons+Forest+Borough": ["Permafrost", "Hill", "Borough"],
		"Permafrost+Jungle+Weapons+Borough": ["Permafrost", "Borough+Jungle"],
		"Permafrost+Hill+Jungle+Weapons+Borough": ["Permafrost", "Hill", "Borough+Jungle"],
		"Permafrost+Forest+Machine Parts+Borough": ["Permafrost", "Borough"],
		"Permafrost+Hill+Forest+Machine Parts+Borough": ["Permafrost", "Hill", "Borough"],
		"Permafrost+Jungle+Machine Parts+Borough": ["Permafrost", "Borough+Jungle"],
		"Permafrost+Hill+Jungle+Machine Parts+Borough": ["Permafrost", "Hill", "Borough+Jungle"],
		"Permafrost+Forest+Electronics+Borough": ["Permafrost", "Borough"],
		"Permafrost+Hill+Forest+Electronics+Borough": ["Permafrost", "Hill", "Borough"],
		"Permafrost+Jungle+Electronics+Borough": ["Permafrost", "Borough+Jungle"],
		"Permafrost+Hill+Jungle+Electronics+Borough": ["Permafrost", "Hill", "Borough+Jungle"],
		"Permafrost+Forest+Fungus+Borough": ["Permafrost", "Borough"],
		"Permafrost+Hill+Forest+Fungus+Borough": ["Permafrost", "Hill", "Borough"],
		"Permafrost+Jungle+Fungus+Borough": ["Permafrost", "Borough+Jungle"],
		"Permafrost+Hill+Jungle+Fungus+Borough": ["Permafrost", "Hill", "Borough+Jungle"],
		"Tundra+Forest+Scrap+Borough": ["Tundra", "Borough"],
		"Tundra+Hill+Forest+Scrap+Borough": ["Tundra", "Hill", "Borough"],
		"Tundra+Jungle+Scrap+Borough": ["Tundra", "Borough+Jungle"],
		"Tundra+Hill+Jungle+Scrap+Borough": ["Tundra", "Hill", "Borough+Jungle"],
		"Tundra+Forest+Furs+Borough": ["Tundra", "Borough"],
		"Tundra+Hill+Forest+Furs+Borough": ["Tundra", "Hill", "Borough"],
		"Tundra+Jungle+Furs+Borough": ["Tundra", "Borough+Jungle"],
		"Tundra+Hill+Jungle+Furs+Borough": ["Tundra", "Hill", "Borough+Jungle"],
		"Tundra+Forest+Insects+Borough": ["Tundra", "Borough"],
		"Tundra+Hill+Forest+Insects+Borough": ["Tundra", "Hill", "Borough"],
		"Tundra+Jungle+Insects+Borough": ["Tundra", "Borough+Jungle"],
		"Tundra+Hill+Jungle+Insects+Borough": ["Tundra", "Hill", "Borough+Jungle"],
		"Tundra+Forest+Plastics+Borough": ["Tundra", "Borough"],
		"Tundra+Hill+Forest+Plastics+Borough": ["Tundra", "Hill", "Borough"],
		"Tundra+Weapons+Forest+Borough": ["Tundra", "Borough"],
		"Tundra+Hill+Weapons+Forest+Borough": ["Tundra", "Hill", "Borough"],
		"Tundra+Jungle+Weapons+Borough": ["Tundra", "Borough+Jungle"],
		"Tundra+Hill+Jungle+Weapons+Borough": ["Tundra", "Hill", "Borough+Jungle"],
		"Tundra+Forest+Machine Parts+Borough": ["Tundra", "Borough"],
		"Tundra+Hill+Forest+Machine Parts+Borough": ["Tundra", "Hill", "Borough"],
		"Tundra+Jungle+Machine Parts+Borough": ["Tundra", "Borough+Jungle"],
		"Tundra+Hill+Jungle+Machine Parts+Borough": ["Tundra", "Hill", "Borough+Jungle"],
		"Tundra+Forest+Electronics+Borough": ["Tundra", "Borough"],
		"Tundra+Hill+Forest+Electronics+Borough": ["Tundra", "Hill", "Borough"],
		"Tundra+Jungle+Electronics+Borough": ["Tundra", "Borough+Jungle"],
		"Tundra+Hill+Jungle+Electronics+Borough": ["Tundra", "Hill", "Borough+Jungle"],
		"Tundra+Forest+Fungus+Borough": ["Tundra", "Borough"],
		"Tundra+Hill+Forest+Fungus+Borough": ["Tundra", "Hill", "Borough"],
		"Tundra+Jungle+Fungus+Borough": ["Tundra", "Borough+Jungle"],
		"Tundra+Hill+Jungle+Fungus+Borough": ["Tundra", "Hill", "Borough+Jungle"],
		"Desert+Forest+Scrap+Borough": ["Desert", "Borough"],
		"Desert+Hill+Forest+Scrap+Borough": ["Desert", "Hill", "Borough"],
		"Desert+Jungle+Scrap+Borough": ["Desert", "Borough+Jungle"],
		"Desert+Hill+Jungle+Scrap+Borough": ["Desert", "Hill", "Borough+Jungle"],
		"Desert+Forest+Furs+Borough": ["Desert", "Borough"],
		"Desert+Hill+Forest+Furs+Borough": ["Desert", "Hill", "Borough"],
		"Desert+Jungle+Furs+Borough": ["Desert", "Borough+Jungle"],
		"Desert+Hill+Jungle+Furs+Borough": ["Desert", "Hill", "Borough+Jungle"],
		"Desert+Forest+Insects+Borough": ["Desert", "Borough"],
		"Desert+Hill+Forest+Insects+Borough": ["Desert", "Hill", "Borough"],
		"Desert+Jungle+Insects+Borough": ["Desert", "Borough+Jungle"],
		"Desert+Hill+Jungle+Insects+Borough": ["Desert", "Hill", "Borough+Jungle"],
		"Desert+Forest+Plastics+Borough": ["Desert", "Borough"],
		"Desert+Hill+Forest+Plastics+Borough": ["Desert", "Hill", "Borough"],
		"Desert+Weapons+Forest+Borough": ["Desert", "Borough"],
		"Desert+Hill+Weapons+Forest+Borough": ["Desert", "Hill", "Borough"],
		"Desert+Jungle+Weapons+Borough": ["Desert", "Borough+Jungle"],
		"Desert+Hill+Jungle+Weapons+Borough": ["Desert", "Hill", "Borough+Jungle"],
		"Desert+Forest+Machine Parts+Borough": ["Desert", "Borough"],
		"Desert+Hill+Forest+Machine Parts+Borough": ["Desert", "Hill", "Borough"],
		"Desert+Jungle+Machine Parts+Borough": ["Desert", "Borough+Jungle"],
		"Desert+Hill+Jungle+Machine Parts+Borough": ["Desert", "Hill", "Borough+Jungle"],
		"Desert+Forest+Electronics+Borough": ["Desert", "Borough"],
		"Desert+Hill+Forest+Electronics+Borough": ["Desert", "Hill", "Borough"],
		"Desert+Jungle+Electronics+Borough": ["Desert", "Borough+Jungle"],
		"Desert+Hill+Jungle+Electronics+Borough": ["Desert", "Hill", "Borough+Jungle"],
		"Desert+Forest+Fungus+Borough": ["Desert", "Borough"],
		"Desert+Hill+Forest+Fungus+Borough": ["Desert", "Hill", "Borough"],
		"Desert+Jungle+Fungus+Borough": ["Desert", "Borough+Jungle"],
		"Desert+Hill+Jungle+Fungus+Borough": ["Desert", "Hill", "Borough+Jungle"],
		"Wasteland+Forest+Scrap+Borough": ["Wasteland", "Borough"],
		"Wasteland+Hill+Forest+Scrap+Borough": ["Wasteland", "Hill", "Borough"],
		"Wasteland+Jungle+Scrap+Borough": ["Wasteland", "Borough+Jungle"],
		"Wasteland+Hill+Jungle+Scrap+Borough": ["Wasteland", "Hill", "Borough+Jungle"],
		"Wasteland+Forest+Furs+Borough": ["Wasteland", "Borough"],
		"Wasteland+Hill+Forest+Furs+Borough": ["Wasteland", "Hill", "Borough"],
		"Wasteland+Jungle+Furs+Borough": ["Wasteland", "Borough+Jungle"],
		"Wasteland+Hill+Jungle+Furs+Borough": ["Wasteland", "Hill", "Borough+Jungle"],
		"Wasteland+Forest+Insects+Borough": ["Wasteland", "Borough"],
		"Wasteland+Hill+Forest+Insects+Borough": ["Wasteland", "Hill", "Borough"],
		"Wasteland+Jungle+Insects+Borough": ["Wasteland", "Borough+Jungle"],
		"Wasteland+Hill+Jungle+Insects+Borough": ["Wasteland", "Hill", "Borough+Jungle"],
		"Wasteland+Forest+Plastics+Borough": ["Wasteland", "Borough"],
		"Wasteland+Hill+Forest+Plastics+Borough": ["Wasteland", "Hill", "Borough"],
		"Wasteland+Weapons+Forest+Borough": ["Wasteland", "Borough"],
		"Wasteland+Hill+Weapons+Forest+Borough": ["Wasteland", "Hill", "Borough"],
		"Wasteland+Jungle+Weapons+Borough": ["Wasteland", "Borough+Jungle"],
		"Wasteland+Hill+Jungle+Weapons+Borough": ["Wasteland", "Hill", "Borough+Jungle"],
		"Wasteland+Forest+Machine Parts+Borough": ["Wasteland", "Borough"],
		"Wasteland+Hill+Forest+Machine Parts+Borough": ["Wasteland", "Hill", "Borough"],
		"Wasteland+Jungle+Machine Parts+Borough": ["Wasteland", "Borough+Jungle"],
		"Wasteland+Hill+Jungle+Machine Parts+Borough": ["Wasteland", "Hill", "Borough+Jungle"],
		"Wasteland+Forest+Electronics+Borough": ["Wasteland", "Borough"],
		"Wasteland+Hill+Forest+Electronics+Borough": ["Wasteland", "Hill", "Borough"],
		"Wasteland+Jungle+Electronics+Borough": ["Wasteland", "Borough+Jungle"],
		"Wasteland+Hill+Jungle+Electronics+Borough": ["Wasteland", "Hill", "Borough+Jungle"],
		"Wasteland+Forest+Fungus+Borough": ["Wasteland", "Borough"],
		"Wasteland+Hill+Forest+Fungus+Borough": ["Wasteland", "Hill", "Borough"],
		"Wasteland+Jungle+Fungus+Borough": ["Wasteland", "Borough+Jungle"],
		"Wasteland+Hill+Jungle+Fungus+Borough": ["Wasteland", "Hill", "Borough+Jungle"],
		"Badlands+Forest+Scrap+Borough": ["Badlands", "Borough"],
		"Badlands+Hill+Forest+Scrap+Borough": ["Badlands", "Hill", "Borough"],
		"Badlands+Jungle+Scrap+Borough": ["Badlands", "Borough+Jungle"],
		"Badlands+Hill+Jungle+Scrap+Borough": ["Badlands", "Hill", "Borough+Jungle"],
		"Badlands+Forest+Furs+Borough": ["Badlands", "Borough"],
		"Badlands+Hill+Forest+Furs+Borough": ["Badlands", "Hill", "Borough"],
		"Badlands+Jungle+Furs+Borough": ["Badlands", "Borough+Jungle"],
		"Badlands+Hill+Jungle+Furs+Borough": ["Badlands", "Hill", "Borough+Jungle"],
		"Badlands+Forest+Insects+Borough": ["Badlands", "Borough"],
		"Badlands+Hill+Forest+Insects+Borough": ["Badlands", "Hill", "Borough"],
		"Badlands+Jungle+Insects+Borough": ["Badlands", "Borough+Jungle"],
		"Badlands+Hill+Jungle+Insects+Borough": ["Badlands", "Hill", "Borough+Jungle"],
		"Badlands+Forest+Plastics+Borough": ["Badlands", "Borough"],
		"Badlands+Hill+Forest+Plastics+Borough": ["Badlands", "Hill", "Borough"],
		"Badlands+Weapons+Forest+Borough": ["Badlands", "Borough"],
		"Badlands+Hill+Weapons+Forest+Borough": ["Badlands", "Hill", "Borough"],
		"Badlands+Jungle+Weapons+Borough": ["Badlands", "Borough+Jungle"],
		"Badlands+Hill+Jungle+Weapons+Borough": ["Badlands", "Hill", "Borough+Jungle"],
		"Badlands+Forest+Machine Parts+Borough": ["Badlands", "Borough"],
		"Badlands+Hill+Forest+Machine Parts+Borough": ["Badlands", "Hill", "Borough"],
		"Badlands+Jungle+Machine Parts+Borough": ["Badlands", "Borough+Jungle"],
		"Badlands+Hill+Jungle+Machine Parts+Borough": ["Badlands", "Hill", "Borough+Jungle"],
		"Badlands+Forest+Electronics+Borough": ["Badlands", "Borough"],
		"Badlands+Hill+Forest+Electronics+Borough": ["Badlands", "Hill", "Borough"],
		"Badlands+Jungle+Electronics+Borough": ["Badlands", "Borough+Jungle"],
		"Badlands+Hill+Jungle+Electronics+Borough": ["Badlands", "Hill", "Borough+Jungle"],
		"Badlands+Forest+Fungus+Borough": ["Badlands", "Borough"],
		"Badlands+Hill+Forest+Fungus+Borough": ["Badlands", "Hill", "Borough"],
		"Badlands+Jungle+Fungus+Borough": ["Badlands", "Borough+Jungle"],
		"Badlands+Hill+Jungle+Fungus+Borough": ["Badlands", "Hill", "Borough+Jungle"]
	}
}
