[
	// Spectator
	{
		"name": "Spectator",
		"outerColor": [255, 255, 255]
		// "innerColor": [255, 255, 255]
	},

	// Nations
	{
		"name": "Divine Sovereign",
		"leaderName": "Ultra",
		"adjective": ["DS"],
		"startBias": ["Coast"],
		"preferredVictoryType": "Cultural",
		"favoredReligion": "Idolatry",

		// "startIntroPart1": "TBA",
		// "startIntroPart2": "TBA",
		"declaringWar": "Now you will reap what you have sown.",
		"attacked": "We never expected that you could leave us to live in peace. Destruction is in your blood.",
		"defeated": "Your legacy is nothing but death.",
		"introduction": "In a land of so poor, only the great will strive.",
		"neutralHello": "I speak for the Divine Sovereign.",
		"hateHello": "What will it take? When the last tree has burned and the last child has starved, will you then be satisfied, great leader?",
		"afterPeace": "Ultra has frowned upon our war, and has agreed to our peace agreements.",
		"tradeRequest": "This is the property now of the Divines. What price will you pay?",

		"outerColor": [255, 255, 255],
		"innerColor": [0, 0, 0,
		"style": "",
		"uniqueName": "Determination",
		"uniques": [
			"[+50]% Great Person generation [in all cities]",
			"[+15]% Strength <for [{Wounded} {Ranged}] units> <when attacking>",
			"[+15]% Strength <for [{Wounded} {Melee}] units>  <when defending>",
			"[+1] Sight <for [{Wounded} {Scout}] units> ",
			"Cannot build [Enslaved] units"
		],
		"cities": [
			"Alpha",
			"Bravo",
			"Chameleon",
			"Delta",
			"Echo",
			"Foxtrot",
			"Gamma",
			"Helios",
			"Ixo",
			"Jelius",
			"Prime",
			"Omega",
			"Neo",
			"Ulter",
			"Firehole",
			"Yamma",
			"Fable",
			"Relayus",
			"Securo"
			"Vista",
			"Beta",
			"Exodus",
			"Ota",
			"Zam",
			"EOS"
		]
	{
		"name": "New Star",
		"leaderName": "Willand Keiji",
		"adjective": ["Star"],
		"startBias": ["Wasteland"],
		"preferredVictoryType": "Diplomatic",
		"favoredReligion": "Humanism",

		"startIntroPart1": "'When the Cataclysm happened, there were many that felt lost. Like the world was too far gone. I always had hope, but sometimes it's hard to keep it. Ever since we came out, the world has felt like a jungle. Ruled by wild beasts.'",
		"startIntroPart2": "'But I got lucky. I found my platoon. My family. I think people seem to forget it, but fundamental rights? Democracy? Those were the result of natural progress. Of us seeing what worked, and what didnt. And as long as we keep marching backwards like this, we will never be better. The world had given me a second chance. And so I give you one as well. We go around the world gathering people like us. That see the world not for what it. But for what it can be. A New Star.'",
		"declaringWar": "Let's go!",
		"attacked": "Everyone! Defense Positions!",
		"defeated": "This is... not the end.",
		"introduction": "A dream. That's all it takes to keep going.",
		"neutralHello": "Hello.",
		"hateHello": "What do you want?",
		"tradeRequest": "We both stand to gain from this.",

		"outerColor": [0, 0, 0],
		"innerColor": [255, 165, 0],
		"style": "",
		"uniqueName": "Determination",
		"uniques": [
			"[+50]% Great Person generation [in all cities]",
			"[+15]% Strength <for [{Wounded} {Ranged}] units> <when attacking>",
			"[+15]% Strength <for [{Wounded} {Melee}] units>  <when defending>",
			"[+1] Sight <for [{Wounded} {Scout}] units> ",
			"Cannot build [Enslaved] units"
		],
		"cities": [
			"Hope",
			"Eastcity",
			"Newbay",
			"Ballenderg",
			"San Lourn",
			"Drimere",
			"Highnimon",
			"Inford",
			"Melderk",
			"Thallas",
			"Nedaleck",
			"Douridas Pier",
			"Silverman Port",
			"Dalbete",
			"Light Otis",
			"Meckenberg"
		]
	},
	{
		"name": "Hexlock",
		"leaderName": "Aura",
		"adjective": ["Hexlock"],
		"startBias": ["Fissure"],
		"preferredVictoryType": "Domination",
		"favoredReligion": "Objectivism",

		"startIntroPart1": "'I will admit. There were times were even I felt stumped. Science is supposed to be free. To let you discover things to your heart's content without a single care. But for every step forward, there are some who wish to take two steps backwards. With their arbitrary regulations and limits. They had a system meant to hinder your progress. They... are gone now.'",
		"startIntroPart2": "'For Hexlock, this new world is a paradise. Free to research whatever you want, however you want. No limits. Tell me. What will you bring this world next?'",
		"declaringWar": "Congratulations. You will help me test my new advancements.",
		"attacked": "Now isn't that interesting?",
		"defeated": "Will this be the end? I wonder",
		"introduction": "Hello-o. Anyone to spare for a science experiment?",
		"neutralHello": "Yeah?",
		"hateHello": "Quite an interesting person...",
		"tradeRequest": "This Shipment was brought to you by Hexlock Technologies.",
		
		"outerColor": [64, 8, 114],
		"innerColor": [255, 40, 255],
		"style": "Hexlock",
		"uniqueName": "Adaptive Systems",
		"uniques": ["[Purge Robot] units gain the [Portable Power Cell] promotion",
		    "Can Mix Unique Strategic Resources to Generate a Great Person",
			"[-99]% Great Person generation [in all cities]",
			"Starts with [Writing]",
			"Starts with [Construction]",
			"Starts with [Machinery]",
			"Starts with [Engineering]",
			"Starts with [Electronics]",
			"[-2 Happiness] [in all cities]"
		],
		"cities": [
			"Halimax",
			"Darkfield",
			"Nightcity",
			"Aella",
			"Cybellia Complex",
			"Vannell",
			"L-T",
			"Hemfield",
			"Chaoslance",
			"Nicord",
			"Slyphis",
			"Stradival",
			"Eblaizal",
			"Qrephel",
			"Mabelcut",
			"Prawrie"
		]
	},
	{
		"name": "Children of Rust",
		"leaderName": "Scarlett",
		"adjective": ["Scavenger"],
		"startBias": ["Forest"],
		"preferredVictoryType": "Cultural",
		"favoredReligion": "Ghost Dance",

		// "startIntroPart1": "TBA",
		// "startIntroPart2": "TBA",
		"declaringWar": "Now you will reap what you have sown.",
		"attacked": "We never expected that you could leave us to live in peace. Destruction is in your blood.",
		"defeated": "Your legacy is nothing but death.",
		"introduction": "So, you have returned! While the world died, what hole did you hide in? The cities you left behind are our inheritance.",
		"neutralHello": "I speak for the Children.",
		"hateHello": "What will it take? When the last tree has burned and the last child has starved, will you then be satisfied, great leader?",
		"afterPeace": "Viracocha has frowned upon our war, and has agreed to our peace agreements.",
		"tradeRequest": "This is the property now of the Children. What price will you pay?",

		"outerColor": [116, 67, 5],
		"innerColor": [219, 219, 126],
		"style": "",
		"uniqueName": "Rubble Runners",
		"uniques": [
			"[Civilian] units gain the [Urban Warfare I] promotion",
			"[Low Tech] units gain the [Urban Warfare I] promotion",
			"[Personnel] units gain the [Urban Warfare I] promotion",
			"[-20]% [Science] [in all cities] <before discovering [Education]>",
			"[-10]% [Culture] [in all cities] <before discovering [Civil Service]>",
			"[+1 Faith] [in all cities] <with [1] to [2] neighboring [Jungle] tiles>",
			"[+2 Faith] [in all cities] <with [3] to [6] neighboring [Jungle] tiles>",
			"All units move through Forest and Jungle Tiles in friendly territory as if they have roads. These tiles can be used to establish City Connections upon researching the Wheel.",
			"Starts with [Redomestication]"
		],
		"cities": [
			"Phoenix",
			"Rust City",
			"The Boneyard",
			"Old Forest",
			"Dogtown",
			"Soft Rains",
			"Ashville",
			"Condor Creek",
			"Hazard",
			"Radium Springs",
			"Osprey",
			"Vulture Bend",
			"Dark Skies",
			"Pistolville",
			"Headstone",
			"Firesteel",
			"Broken Hills",
			"Deadwood",
			"Hopeville",
			"Buzzard Vista",
			"Dustbowl",
			"Rakeville",
			"Rock Falls",
			"Kismet",
			"Waterville"
		]
	},
	{
		"name": "Blackwarden",
		"leaderName": "Eric Price",
		"adjective": ["Mercenary"],
		"preferredVictoryType": "Domination",
		"favoredReligion": "Capitalism",

		"startIntroPart1": "With over 250,000 employees across 40 nations, Blackwarden Associates is the first choice for any situation requiring a professional and discreet security solution. Our friendly, highly trained personnel are always ready to help  - from your local bank or supermarket, to immigration processing centers and border defense at home, to fallout remediation and nuclear site security in the Indus Exclusion Zone.",
		"startIntroPart2": "Blackwarden. Securing Your Future.",
		"declaringWar": "It's time for you to join the Blackwarden family.",
		"attacked": "Competitiveness? It's one of our core values.",
		"defeated": "I'm sure we can come to an agreement. Let me send you my resume.",
		"introduction": "You've reached the office of Eric Price, VP of mergers and acquisitions, Blackwarden, incorporated. Here at Blackwarden, the comfort and security of our shareholders is our number one priority.",
		"neutralHello": "Greetings!",
		"hateHello": "What?",
		"tradeRequest": "This is a great opportunity for you. It would be unwise to refuse.",

		"outerColor": [100, 170, 210],
		"innerColor": [42, 42, 70],
		"style": "Corporate",
		"uniqueName": "Limited Liability",
		"uniques": [
			"[+10]% Strength <for [All] units> <when fighting in [Foreign Land] tiles> <while the empire is happy>",
			"City-State Influence recovers at twice the normal rate",
			"Starts with [Writing]",
			"Starts with [Construction]",
			"Starts with [Machinery]",
			"Starts with [Electronics]",
			"[-2 Science] [in all cities] <before discovering [Education]>",
			"Starts with [Monopoly] adopted"
		],
		"cities": [
			"Ark One",
			"Vanguard",
			"New Haven",
			"Competitor View",
			"Prosperity Plaza",
			"Break Even",
			"Spearhead",
			"Profit Margin",
			"Searchlight",
			"Carte Blanche",
			"Jackalsville",
			"Horwich Green",
			"Laissez's Fair",
			"Hard Cash",
			"Innovation",
			"Conflict of Interest",
			"Sunk Cost",
			"Forbes",
			"Cornucopia"
		],
		"civilopediaText": [
			{
				"text": "With over 250,000 employees across 40 nations, Blackwarden Associates is the first choice for any situation requiring a professional and discreet security solution. Our friendly, highly trained personnel are always ready to help  - from your local bank or supermarket, to immigration processing centers and border defense at home, to fallout remediation and nuclear site security in the Indus Exclusion Zone."
			},
			{ "text": "Blackwarden. Securing Your Future." }
		]
	},
	{
		"name": "Atlas",
		"leaderName": "John Kruger",
		"adjective": ["Corporate"],
		// "startBias": ["Avoid [Desert]"],
		"preferredVictoryType": "Scientific",
		"favoredReligion": "Objectivism",

		"startIntroPart1": "At the Refuge, I am creating more than a town, more even than a polity; it is a new world, where individuals will be free to act without the burden of taxation or the specter of injustice. Here, I have created a truly voluntary society, where the citizens associate in rational self interest; from love, not from fear of punishment. I have sent you this invitation because you have greatness within you; think of all you have achieved in your life, and how much more you could do, if you were not held back.",
		"startIntroPart2": "Choose something different. Choose Atlas.",
		"declaringWar": "All that is required for the triumph of evil is for good men to do nothing.",
		"attacked": "You're breaking the non-aggression principle!",
		"defeated": "It is our wealth that you use while destroying us.",
		"introduction": "I'm John Kruger, CEO of the Atlas Corporation. I thought we were the sole outpost of civilization in a world ruled by barbarism.",
		"neutralHello": "This is John Kruger speaking.",
		"hateHello": "I do not share your evil or sink to your concept of morality.",
		"tradeRequest": "Free trade is the only fair trade.",

		"outerColor": [0, 255, 255],
		"innerColor": [45, 60, 120],
		"style": "Corporate",
		"uniqueName": "Creative Leadership",
		"uniques": [
			"Receive free [Great Scientist] when you discover [Secrets of the Past]",
			"[+33]% Great Person generation [in all cities]",
			"Starts with [Writing]",
			"Starts with [Construction]",
			"Starts with [Machinery]",
			"Starts with [Electronics]",
			"[-2 Science] [in all cities] <before discovering [Education]>",
			"Starts with [Rationalism] adopted"
		],
		"cities": [
			"Atlas Canyon",
			"Praxis",
			"Opportunity",
			"Enterprise Gardens",
			"Pareto Estates",
			"Hanlon College",
			"The Reservation",
			"Zakharov Campus",
			"Curiosity",
			"Progress Estates",
			"New Horizon",
			"Dunning Institute",
			"Kruger Laboratories",
			"Apogee",
			"Hypothesis",
			"Axiom",
			"Euclid Center",
			"Prometheus Laboratories",
			"Zenith",
			"Von Neumann Institute"
		],
		"civilopediaText": [
			{
				"text": "At the Refuge, I am creating more than a town, more even than a polity; it is a new world, where individuals will be free to act without the burden of taxation or the specter of injustice. Here, I have created a truly voluntary society, where the citizens associate in rational self interest; from love, not from fear of punishment. I have sent you this invitation because you have greatness within you; think of all you have achieved in your life, and how much more you could do, if you were not held back."
			},
			{ "text": "Choose something different. Choose Atlas." }
		]
	},
	{
		"name": "Commonwealth",
		"leaderName": "President Hawkins",
		"adjective": ["Commonwealth"],
		"startBias": ["Avoid [Desert]"],
		"preferredVictoryType": "Diplomatic",
		"favoredReligion": "Humanism",

		// "startIntroPart1": "TBA",
		// "startIntroPart2": "TBA",
		"declaringWar": "We must take action now, before it is too late.",
		"attacked": "You only repeat the mistakes of the past!",
		"defeated": "Now, the responsibility falls to you...",
		"introduction": "Welcome to the Commonwealth. I am the elected President, Estelle Hawkins. Take heart. Together, we can rebuild our civilization.",
		"neutralHello": "Welcome.",
		"hateHello": "Greetings.",
		"tradeRequest": "Greetings. I believe this is a fair proposal for both parties. What do you think?",

		"outerColor": [255, 255, 255],
		"innerColor": [200, 0, 70],
		"style": "",
		"uniqueName": "Mutual Assistance",
		"uniques": [
			"[+50]% [Food] from City-States",
			"[+50]% [Culture] from City-States",
			"[+50]% [Faith] from City-States",
			"[+50]% [Science] from City-States",
			"[+50]% [Happiness] from City-States",
			"[+50]% [Production] from City-States",
			"Military Units gifted from City-States start with [+10] XP",
			"[Great General] is earned [33]% faster",
			"Starts with [Redomestication]",
			"Cannot build [Enslaved] units",
			"Starts with [Constitution] adopted"
		],
		"cities": [
			"Union City",
			"Accord",
			"Inheritance",
			"Junction",
			"Wellspring",
			"Fall's End",
			"Highpool",
			"Constitution",
			"Hope Commons",
			"Clearwater",
			"Mercywell",
			"Sunrise",
			"Dead Forest",
			"Gallows Bend",
			"Arefu",
			"Rocket Falls",
			"Monument",
			"Broken Sword",
			"Concordia",
			"Splendid",
			"Iron Springs",
			"Prudence",
			"Hawkins",
			"Stonefields",
			"Harmony",
			"Fitzroy Bluff",
			"Hangman Valley",
			"Portville",
			"Hamelin",
			"High Gate"
		]
	},
	{
		"name": "The Patriots",
		"leaderName": "General Cameron",
		"adjective": ["Patriot"],
		"startBias": ["Avoid [Desert]"],
		"preferredVictoryType": "Domination",
		"favoredReligion": "Liberty",

		// "startIntroPart1": "TBA",
		// "startIntroPart2": "TBA",
		"declaringWar": "You're either with us, or you're with the terrorists.",
		"attacked": "Disperse immediately. Insurrection and rebellion will be met with lethal force.",
		"defeated": "We today have concluded an agreement to end the war and bring peace with honor.",
		"introduction": "This is General Cameron of the Army. A state of emergency is currently in effect across the nation. Military authorities are authorized to summarily enforce order, in accordance with martial law. Maintain your shelters and await further instructions.",
		"neutralHello": "A water tax of 25% is in place for all municipalities to support disaster relief efforts and the restoration of government.",
		"hateHello": "A special water tax rate of 33% is in place for your municipality. You are additionally required to surrender all military weapons.",
		"tradeRequest": "The Emergency Management Agency has prepared this aid package for your district.",

		"outerColor": [40, 178, 0],
		"innerColor": [100, 50, 30],
		"style": "Military",
		"uniqueName": "Military Secrets",
		"uniques": [
			"Double quantity of [Encrypted Data] produced",
			"Double quantity of [Weapons] produced",
			"Cannot build [Low Tech] units",
			"Starts with [Writing]",
			"Starts with [Construction]",
			"Starts with [Machinery]",
			"Starts with [Electronics]",
			"[-2 Science] [in all cities] <before discovering [Education]>"
		],
		"cities": [
			"Eagle Rock",
			"Fort Patriot",
			"Valiant Base",
			"Camp Fidelis",
			"Fort Endurance",
			"Camp Freedom",
			"Sentinel Field",
			"Camp Hammer",
			"Camp Justice",
			"Fort Victory",
			"Fort Crockett",
			"Sparta Base",
			"Arclight Station",
			"Overwatch Base",
			"Fort Challenger",
			"Fort Cameron",
			"Thunder Outpost",
			"Cobalt Base",
			"Camp Shield",
			"Fort Granite",
			"Liberator Station",
			"Camp Dawn"
		]
	},
	{
		"name": "Enclavers",
		"leaderName": "Timothy D. West",
		"adjective": ["Survivalist"],
		"startBias": ["Hill"],
		"preferredVictoryType": "Scientific",
		"favoredReligion": "Liberty",

		"startIntroPart1": "Take a look out there, kid. There used to be green trees everywhere, and bright blue water, and white snow on the mountain tops. I know it's hard for you to believe, but there was a time when everything wasn't covered in ash. But those dumb sons of bitches had to go and ruin it all. They didn't know how good they had it, and they killed themselves. But they didn't kill us. Know why? Because we knew how to survive, that's why. We knew how to make do with less, how to hide when they came hunting, and how to hit them where it hurt. That's why we're still here. And that's why we're going to keep living.",
		"startIntroPart2": "The world looks like shit right now, but it's our land and we love it, and we're going to till that soil and grow things from it, and make this place livable again. Now get out there and make us proud, kid.",
		"declaringWar": "Not on our watch!",
		"attacked": "You'll have to take it from our cold, dead hands!",
		"defeated": "You can never take my freedom!",
		"introduction": "I'm Timothy D. West, First Citizen of the Enclave. You are welcome to trade here as long as you respect our rights. We'll be watching.",
		"neutralHello": "How's it going, neighbour?",
		"neutralLetsHearIt": ["Go on.", "What do you say?", "You may begin."],
		"neutralNo": ["We absolutely refuse.", "No!", "I refuse."],
		"neutralYes": ["Very good.", "Of course, yes.", "That is very good."],
		"hateHello": "Don't make any sudden moves.",
		"hateLetsHearIt": ["Speak!", "What do you say?", "Go on."],
		"hateNo": [
			"That is not possible!",
			"We are not agreeing to that!",
			"I beg your pardon?"
		],
		"hateYes": ["That is fine.", "That is good enough.", "Very well..."],
		"afterPeace": "Alright, let's settle down and try to get along.",
		"tradeRequest": "Let's make a fair trade, as equals.",

		"outerColor": [252, 227, 0],
		"innerColor": [54, 72, 72],
		// "outerColor": [0, 87, 0],
		// "innerColor": [150, 254, 150],
		"style": "Military",
		"uniqueName": "Hills Have Eyes",
		"uniques": [
			"Units ignore terrain costs when moving into any tile with Hills",
			"No Maintenance costs for improvements in [Hill] tiles",
			"Land units may cross [Mountain] tiles after the first [Great General] is earned",
			"Units ending their turn on [Mountain] tiles take [50] damage",
			"[{Land} {Low Tech}] units gain the [Guerilla Warfare I] promotion",
			"[Personnel] units gain the [Guerilla Warfare I] promotion",
			"Starts with [Redomestication]"
		],
		"cities": [
			"The Enclave",
			"Farnham's Freehold",
			"Minuteman Ridge",
			"Cooper's Corner",
			"Rattlesnake Hill",
			"Rawles' Retreat",
			"Sagebrush Valley",
			"Cobb's Ranch",
			"Stephens' Shelter",
			"The Alamo",
			"Saxon Farm",
			"Pugsley's Haven",
			"Browne's Trail",
			"Oathkeeper Watch",
			"Jellison Ranch",
			"Boyd's Retreat",
			"Tappan Farm",
			"Skousen Ranch",
			"30-50 Feral Hogs"
		],
		"civilopediaText": [
			{
				"text": "Take a look out there, kid. There used to be green trees everywhere, and bright blue water, and white snow on the mountain tops. I know it's hard for you to believe, but there was a time when everything wasn't covered in ash. But those dumb sons of bitches had to go and ruin it all. They didn't know how good they had it, and they killed themselves. But they didn't kill us. Know why? Because we knew how to survive, that's why. We knew how to make do with less, how to hide when they came hunting, and how to hit them where it hurt. That's why we're still here. And that's why we're going to keep living."
			},
			{
				"text": "The world looks like shit right now, but it's our land and we love it, and we're going to till that soil and grow things from it, and make this place livable again. Now get out there and make us proud, kid."
			}
		]
	},
	{
		"name": "Deadrock Clan",
		"leaderName": "Boss Karl",
		"adjective": ["Regulator"],
		"startBias": ["Jungle"],
		"preferredVictoryType": "Domination",
		"favoredReligion": "Capitalism",

		"declaringWar": "You are mine!",
		"attacked": "As you were warned, if you dare mess with any one of us, you're messing with me, and my entire Clan!",
		"defeated": "You think this is over? You had better watch your back...",
		"introduction": "Greetings from the Deadrock Clan, and its Great Father Karl. Just a friendly reminder: Never touch our secrets, never mess with us, or you'll be dead in no time.",
		"neutralHello": "This is the encrypted channel of Deadrock Clan.",
		"hateHello": "You're on our blacklist now. Think twice before you want to do anything with my Clan.",
		"tradeRequest": "Let's talk about some business affairs.",

		"outerColor": [92, 32, 92],
		"innerColor": [255, 210, 110],
		"style": "Gang",
		"uniqueName": "Regulators",
		"uniques": [
			"When conquering an encampment, earn [25] Gold and recruit a Barbarian unit <with [67]% chance>",
			"[+1] Sight <for [{Military} {Land}] units>",
			"City-State Influence recovers at twice the normal rate",
			"[Personnel] units gain the [Clansman] promotion",
			"[Scout] units gain the [Clansman] promotion"
		],
		"cities": [
			"Xanadu",
			"Gomorrah",
			"Diamond City",
			"Chance Springs",
			"The Den",
			"Ransom",
			"Joker",
			"Fortune",
			"Golden Toad",
			"Beaksville",
			"Lucky 76",
			"Horseshoe",
			"Diablo Peak",
			"Malachite",
			"Wildcard",
			"Paradise",
			"Genting",
			"House Rules",
			"Loki",
			"Straight Flush",
			"Five Aces",
			"Show Low"
		]
	},
	{
		"name": "Crimson Legion",
		"leaderName": "Caesar",
		"adjective": ["Legion"],
		"preferredVictoryType": "Domination",
		"favoredReligion": "Polytheism",

		"startIntroPart1": "Behold! The nations of the past have fallen, their once marvelous cities crumbled into dust. And why? Because they were weak! In their hour of necessity, they could not stand together! They turned on themselves and devoured themselves, and now they are dead. But we are alive, because we are strong! And what is the source of our strength? Our unity! Like the fasces, we are bound together, and with the strength of our bond, we shall rebuild civilization!",
		"startIntroPart2": "Our enemies are many, but like the nations of old, they are weak and divided. They shall fall before us, and the world shall at last be united under one great banner! Hail victory! Hail Caesar!",
		"declaringWar": "You have stood in the way of progress for too long.",
		"attacked": "Do you really believe that you can stand against the tide of history?",
		"defeated": "You have the strength to prevail. So be it.",
		"introduction": "Hail. I am Caesar, son of Mars, Consul of the Crimson Legion. Have you come to pay tribute?",
		"neutralHello": "Hail.",
		"hateHello": "Your misplaced ideals make you weak.",
		"tradeRequest": "I offer this, for your consideration.",

		"outerColor": [153, 5, 3],
		"innerColor": [244, 232, 54],
		"style": "Legion",
		"uniqueName": "One Banner",
		"uniques": [
			"When conquering an encampment, earn [25] Gold and recruit a Barbarian unit <with [67]% chance>",
			"[-33]% maintenance costs <for [Land] units>",
			"Starts with [Redomestication]",
			"[-1 Science] [in all cities] <before discovering [Writing]>"
		],
		"cities": [
			"Postumus",
			"Rubicon",
			"Dies Irae",
			"Tartarus",
			"Aqua Vitae",
			"Damocles",
			"De Facto",
			"Vae Victis",
			"Golgotha",
			"Mors Omnibus",
			"Carthage",
			"Lex Talionis",
			"Kronos",
			"Extrema Ratio",
			"Igni Ferroque",
			"Tycho",
			"Memento Mori",
			"Orcus",
			"Ex Nihilo",
			"Para Bellum",
			"Styx",
			"Manu Forte",
			"Elysium",
			"Alea Iacta Est",
			"Corpus Vile",
			"Canis Canem Edit",
			"Ad Astra"
		],
		"civilopediaText": [
			{
				"text": "Behold! The nations of the past have fallen, their once marvelous cities crumbled into dust. And why? Because they were weak! In their hour of necessity, they could not stand together! They turned on themselves and devoured themselves, and now they are dead. But we are alive, because we are strong! And what is the source of our strength? Our unity! Like the fasces, we are bound together, and with the strength of our bond, we shall rebuild civilization!"
			},
			{
				"text": "Our enemies are many, but like the nations of old, they are weak and divided. They shall fall before us, and the world shall at last be united under one great banner! Hail victory! Hail Caesar!"
			}
		]
	},
	{
		"name": "Cult of Ignis",
		"leaderName": "Ignitor Martina",
		"adjective": ["Cult"],
		"startBias": ["Desert"],
		"preferredVictoryType": "Domination",
		"favoredReligion": "Divine Engine",

		"startIntroPart1": "In the beginning, the earth was without form, cold and void. And the Divine Engine moved upon the face of the earth, and brought forth humans, to serve her. And she blessed the people upon the earth with steel and holy oil, to make engines of their own. But the people of the earth forgot the Divine Engine who had blessed them. So the Engine sent forth the Flame to destroy the people who had sinned, and the earth was cleansed. But the Flame had mercy upon the people, and spared the people who repented and swore to serve the Engine. And it came to pass that Divine Engine blessed the people once more, and gave them steel and holy oil, and commanded them to multiply and replenish the earth, for the engine's glory.",
		"startIntroPart2": "Now the people of the earth have begun to forgot the Engine once more. We are called to spread the word of our god, and compel the nations of the earth to repent and serve the Engine. The wrath of the Flame goes before us, and the strength of the Engine is behind us. We are Ignis, and we cannot fail.",
		"declaringWar": "Rejoice! Your profane forms will soon become one with the Exhaust!",
		"attacked": "Your offering is welcome! We shall oxidize together in blessed combustion!",
		"defeated": "Though our worldly bodies fail, our spirits soar through the skies in oxides immortal... ",
		"introduction": "The sybil has foreseen this meeting! I am Martina, Ignitor and High Priest. I serve the Divine Engine, and so too shall you.",
		"neutralHello": "In the name of the trinity, I permit your words be heard.",
		"hateHello": "You risk the wrath of the Flame.",
		"tradeRequest": "You may yet serve the Engine...",

		"outerColor": [255, 150, 0],
		"innerColor": [0, 0, 0],
		"style": "Ignis",
		"uniqueName": "Road Warriors",
		"uniques": [
			"[-33]% maintenance costs <for [Armor] units>",
			"Starts with [Machinery]",
			"Starts with [Theocracy] adopted",
			"[+1 Culture, +1 Faith] from every [Strategic resource]",
			"[+10]% [Culture] from every [Coal Plant]",
			"[-1 Science] [in all cities] <before discovering [Writing]>"
		],
		"cities": [
			"Gastown",
			"Blood Farm",
			"Trial of Sand",
			"Prophecy",
			"Thousand Cuts",
			"The Harrowing",
			"Temple of Rage",
			"Immortal Highway",
			"Tohuvabohu",
			"Forbidden Palace",
			"Hanging Gardens",
			"Megiddo",
			"The Cauldron",
			"Traitors' Gate",
			"Hell Patrol",
			"Steel Throne",
			"The Warren",
			"Well of Souls",
			"Hermitage",
			"Ceremony",
			"Court of Dreams",
			"Perpetual Ascension",
			"Death Race",
			"God Box"
		],
		"civilopediaText": [
			{
				"text": "In the beginning, the earth was without form, cold and void. And the Divine Engine moved upon the face of the earth, and brought forth humans, to serve her. And she blessed the people upon the earth with steel and holy oil, to make engines of their own. But the people of the earth forgot the Divine Engine who had blessed them. So the Engine sent forth the Flame to destroy the people who had sinned, and the earth was cleansed. But the Flame had mercy upon the people, and spared the people who repented and swore to serve the Engine. And it came to pass that Divine Engine blessed the people once more, and gave them steel and holy oil, and commanded them to multiply and replenish the earth, for the engine's glory."
			},
			{
				"text": "Now the people of the earth have begun to forgot the Engine once more. We are called to spread the word of our god, and compel the nations of the earth to repent and serve the Engine. The wrath of the Flame goes before us, and the strength of the Engine is behind us. We are Ignis, and we cannot fail."
			}
		]
	},
	{
		"name": "The Mariners",
		"leaderName": "Deacon Hopper",
		"adjective": ["Marine"],
		"startBias": ["Coast"],
		"preferredVictoryType": "Domination",
		"favoredReligion": "Humanism",

		// "startIntroPart1": "",
		// "startIntroPart2": "",
		"declaringWar": "The sea is ours, and all the dry lands shall soon be as well!",
		"attacked": "Ha! You think to challenge us? I hope you can swim well.",
		"defeated": "Damn you! We should never have left the protection of the sea.",
		"introduction": "Ahoy! We are the Mariners, and we've come to reclaim the dry land from the lot of you.",
		"neutralHello": "Greetings, land dweller.",
		"hateHello": "What do you want?",
		"tradeRequest": "We've got the finest goods that the sea can offer! What do you say?",

		"outerColor": [51, 25, 0],
		"innerColor": [255, 255, 102],
		"style": "Tribal",
		"uniqueName": "People of the Sea",
		"uniques": [
			"Enables embarkation for land units",
			"Enables [All] units to enter ocean tiles",
			"[1] Movement point cost to disembark <for [All] units>",
			"Defense bonus when embarked <for [All] units>",
			"[{Land} {Low Tech}] units gain the [Amphibious] promotion",
			"[{Land} {Personnel}] units gain the [Amphibious] promotion",
			"Starts with [Sailing]"
		],
		"cities": [
			"Dryplace",
			"Everest Peak",
			"Tripplehorn Harbor",
			"Majorino Bay",
			"Coates Beach",
			"LaSardo Coast",
			"Mokae Pier",
			"Kazann Port",
			"Shimono Harbor",
			"Aviles Beach",
			"Kehler Coast",
			"Douridas Pier",
			"Silverman Port",
			"Giuntoli Bay",
			"Whalen Cove",
			"Arenberg Fjord"
		]
	},
	{
		"name": "New Afrika",
		"leaderName": "Mutulu Makonnen",
		"adjective": ["Afrikan"],
		"startBias": ["Avoid [Tundra]"],
		"preferredVictoryType": "Scientific",
		"favoredReligion": "Rastafari",

		// "startIntroPart1": "",
		// "startIntroPart2": "",
		"declaringWar": "We've had enough of you messing with us.",
		"attacked": "You think you can defeat us? Fool!",
		"defeated": "This is the end. Freedom will never be more than a dream.",
		"introduction": "I am Mutulu, and we are New Afrika. We are here to rebuild this broken world.",
		"neutralHello": "Greetings.",
		"hateHello": "What the hell do you want?",
		"tradeRequest": "Let's make a fair trade, as equals.",

		"outerColor": [120, 120, 50],
		"innerColor": [30, 9, 0],
		"style": "",
		"uniqueName": "Community Watch",
		"uniques": [
			"[+10]% Strength <within [2] tiles of a [City center]>",
			"Enemy [Land] units must spend [1] extra movement points when inside your territory",
			"Starts with [Secrets of the Past]"
		],
		"cities": [
			"Gao",
			"Tombouctu",
			"Jenne",
			"Taghaza",
			"Tondibi",
			"Kumbi Saleh",
			"Kukia",
			"Addis Ababa",
			"Harar",
			"Adwa",
			"Lalibela",
			"Gondar",
			"Walata",
			"Tegdaoust",
			"Argungu",
			"Gwandu",
			"Kebbi",
			"Boussa",
			"Thebes",
			"Memphis",
			"Heliopolis",
			"Elephantine",
			"Alexandria",
			"Axum",
			"Dire Dawa",
			"Bahir Dar",
			"Adama",
			"Mek'ele",
			"Awasa",
			"Jimma",
			"Jijiga",
			"Dessie",
			"Debre Berhan",
			"Pi-Ramesses",
			"Giza",
			"Byblos"
		]
	},

	// City-States
	{
		"name": "The Archive",
		"adjective": ["Archive"],
		"cityStateType": "Research",
		"style": "Corporate",
		"uniques": ["Starts with [Writing]", "Starts with [Electronics]"],
		"declaringWar": "You leave us no choice. War it must be.",
		"attacked": "We shall not go gentle into that good night!",
		"defeated": "After us, the deluge...",
		"outerColor": [0, 0, 0],
		"innerColor": [250, 180, 250],
		"cities": ["The Archive"]
	},
	{
		"name": "Order of Jerome",
		"adjective": ["Order"],
		"cityStateType": "Prayer",
		"style": "",
		"uniques": ["Starts with [Writing]", "Starts with [Electronics]"],
		"declaringWar": "You leave us no choice. War it must be.",
		"attacked": "May you be forgiven.",
		"defeated": "There is still time... Brother",
		"outerColor": [0, 0, 0],
		"innerColor": [143, 24, 53],
		"cities": ["Jerome Abbey"]
	},
	{
		"name": "Bartertown",
		"adjective": ["Bartertown"],
		"cityStateType": "Trading",
		"style": "Gang",
		"declaringWar": "You leave us no choice. War it must be.",
		"attacked": "Two men enter, one man leaves!",
		"defeated": "You run Bartertown.",
		"outerColor": [0, 0, 0],
		"innerColor": [194, 7, 255],
		"cities": ["Bartertown"]
	},
	{
		"name": "Devil's Canyon",
		"adjective": ["Devil's Canyon"],
		"cityStateType": "Research",
		"style": "Corporate",
		"uniques": ["Starts with [Writing]", "Starts with [Rifling]"],
		"declaringWar": "You leave us no choice. War it must be.",
		"attacked": "Very well, this shall not be forgotten.",
		"defeated": "We never fully trusted you from the start.",
		"outerColor": [0, 0, 0],
		"innerColor": [224, 224, 50],
		"cities": ["Devil's Canyon NPP"]
	},
	{
		"name": "Arroyo",
		"adjective": ["Arroyoan"],
		"cityStateType": "Farming",
		"startBias": ["Hill"],
		"style": "Tribal",
		"uniques": [
			"Damage is ignored when determining unit Strength <for [All] units>",
			"Cannot build [Armor] units",
			"Cannot build [Siege] units"
		],
		"declaringWar": "You leave us no choice. War it must be.",
		"attacked": "Very well, this shall not be forgotten.",
		"defeated": "The spirits were willing, but the flesh was weak...",
		"outerColor": [0, 0, 0],
		"innerColor": [115, 95, 60],
		"cities": ["Arroyo"]
	},
	{
		"name": "Ghost Mountain",
		"adjective": ["Ghost Mountain"],
		"cityStateType": "Farming",
		"startBias": ["Hill"],
		"style": "Ghost",
		"uniques": [
			"Damage is ignored when determining unit Strength <for [All] units>",
			"Cannot build [Armor] units",
			"Cannot build [Siege] units",
			"[Personnel] units gain the [Guerilla Warfare I] promotion",
			"[Personnel] units gain the [Guerilla Warfare II] promotion",
			"[{Land} {Low Tech}] units gain the [Guerilla Warfare I] promotion",
			"[{Land} {Low Tech}] units gain the [Guerilla Warfare II] promotion",
			"Units ignore terrain costs when moving into any tile with Hills"
		],
		"declaringWar": "You leave us no choice. War it must be.",
		"attacked": "The spirits will fight at our side.",
		"defeated": "We go to join the ancestors.",
		"outerColor": [0, 0, 0],
		"innerColor": [100, 100, 255],
		"cities": ["Ghost Mountain"]
	},
	{
		"name": "Almaty",
		"adjective": ["Almaty"],
		"cityStateType": "Weapons",
		"startBias": ["Hills"],
		"style": "Military",
		"uniques": ["Double quantity of [Weapons] produced"],
		"declaringWar": "You leave us no choice. War it must be.",
		"attacked": "Very well, this shall not be forgotten.",
		"defeated": "How could we fall to the likes of you?!",
		"outerColor": [0, 0, 0],
		"innerColor": [40, 135, 20],
		"cities": ["Alma Base"]
	},
	{
		"name": "Jericho",
		"adjective": ["Jericho"],
		"cityStateType": "Farming",
		"style": "",
		"declaringWar": "You leave us no choice. War it must be.",
		"attacked": "Very well, this shall not be forgotten.",
		"defeated": "We never fully trusted you from the start.",
		"outerColor": [0, 0, 0],
		"innerColor": [224, 224, 224],
		"cities": ["Jericho"]
	},
	{
		"name": "The Hub",
		"adjective": ["Hub"],
		"cityStateType": "Trading",
		"style": "",
		"declaringWar": "You leave us no choice. War it must be.",
		"attacked": "Have you ever danced with the devil in the pale moonlight?",
		"defeated": "We never fully trusted you from the start.",
		"outerColor": [0, 0, 0],
		"innerColor": [100, 100, 220],
		"cities": ["The Hub"]
	},
	{
		"name": "Deseret Nation",
		"adjective": ["Deseret"],
		"cityStateType": "Prayer",
		"style": "Corporate",
		"declaringWar": "You leave us no choice. War it must be.",
		"attacked": "Do you think that your unhallowed hands can stop us?",
		"defeated": "Our blood will cry out for vengeance against you.",
		"outerColor": [0, 0, 0],
		"innerColor": [151, 125, 0],
		"cities": ["Deseret"]
	},
	{
		"name": "Church of the Iron Rod",
		"adjective": ["Iron Rod"],
		"cityStateType": "Weapons",
		"style": "Military",
		"declaringWar": "You leave us no choice. War it must be.",
		"attacked": "The rod of iron will strike you down!",
		"defeated": "How is it that we have failed?",
		"outerColor": [0, 0, 0],
		"innerColor": [255, 153, 255],
		"cities": ["Iron Rod Sanctuary"]
	},
	{
		"name": "Arden Club",
		"adjective": ["Arden"],
		"cityStateType": "Culture",
		"style": "",
		"declaringWar": "You leave us no choice. War it must be.",
		"attacked": "Why can't we find a mutually beneficial relationship?",
		"defeated": "So this is how it ends for us.",
		"outerColor": [0, 0, 0],
		"innerColor": [211, 180, 113],
		"cities": ["Ardentown"]
	},
	{
		"name": "Fo Guang",
		"adjective": ["Fo Guang"],
		"cityStateType": "Prayer",
		"style": "",
		"uniques": [
			"Damage is ignored when determining unit Strength <for [All] units>",
			"Cannot build [Armor] units",
			"Cannot build [Siege] units"
		],
		"declaringWar": "You leave us no choice. War it must be.",
		"attacked": "Your desire for power will only bring you suffering.",
		"defeated": "Weep not for us, for we shall be reborn.",
		"outerColor": [0, 0, 0],
		"innerColor": [250,128,114],
		"cities": ["Fo Guang Shan"]
	},
    {
		"name": "Tellus",
		"adjective": ["Tellus"],
		"cityStateType": "Culture",
		"style": "",
		"uniques": [
			"Starts with [Land Remediation]",
			"Starts with [Ecology]",
			"[+1 Food, +2 Production, +1 Gold] from every [Tree plantation]",
			"[+100]% Strength <for [All] units> <within [2] tiles of a [Tree plantation]>",
			"[25] HP when healing <within [2] tiles of a [Tree plantation]>"
		],
		"declaringWar": "The plant has spoken, you must be defeated!",
		"attacked": "We will not let you destroy our sacred Trees!",
		"defeated": "The plants must surive... no matter what.",
		"outerColor": [0, 0, 0],
		"innerColor": [0,205,102],
		"cities": ["Tellus"]
	},
	{
		"name": "Dahomey",
		"adjective": ["Dahomey"],
		"cityStateType": "Labor",
		"style": "",
		"uniques": [
			"Double quantity of [Slaves] produced"
		],
		"declaringWar": "It's about time you came to work for us.",
		"attacked": "Hands off the merchandise!",
		"defeated": "I suppose we work for you now.",
		"outerColor": [0, 0, 0],
		"innerColor": [255,128,0],
		"cities": ["Dahomeyville"]
	},

	// Barbarian
	{
		"name": "Barbarians",
		"style": "Barbarians",
		"outerColor": [0, 0, 0],
		"innerColor": [182, 0, 0]
	}
]
